<?xml version="1.0" encoding="UTF-8" standalone="yes"?>
<addon id="plugin.video.mercadoplay"
       name="MercadoLibre Play"
       version="1.0.0"
       provider-name="wetdreams69">
    <requires>
        <import addon="xbmc.python" version="3.0.0"/>
        <import addon="script.module.requests" version="2.18.4"/>
        <import addon="inputstream.adaptive" version=">=2.0.12"/>
        <import addon="script.module.beautifulsoup4" version="4.5.3"/>
    </requires>
    <extension point="xbmc.python.pluginsource"
               library="addon.py">
        <provides>video</provides>
    </extension>
    <extension point="xbmc.addon.metadata">
        <summary lang="es">Streaming de películas y series desde MercadoLibre</summary>
        <description lang="es">Addon no oficial para ver contenido desde play.mercadolibre.com.ar con soporte para DRM Widevine</description>
        <platform>all</platform>
        <language>es</language>
        <license>MIT</license>
        <source>https://github.com/tuusuario/kodi-mercadolibre</source>
    </extension>
</addon>

